{
  "version": "20260510_140607",
  "accuracy": 97.79,
  "cv_mean": 97.23,
  "trained_at": "2026-05-10T14:06:07.923128Z",
  "intercept": 0.8350028389095789,
  "n_features": 20000,
  "n_samples": 71994
}